event_id,run_id,channel,kind,start_ts,end_ts,start_t_s,duration_s,value_start,value_end,delta,value_min,value_max,peak_rate_per_s,mean_abs_z,direction
1,initial_evap,homeOpto,transition,2026-06-02 16:14:27,2026-06-02 16:14:27,11.0,0.0,1.0,0.0,-1.0,0.0,1.0,,,down
2,initial_evap,homeOpto,transition,2026-06-02 16:14:38,2026-06-02 16:14:38,22.0,0.0,0.0,1.0,1.0,0.0,1.0,,,up
3,initial_evap,carouselStatus,transition,2026-06-02 16:14:39,2026-06-02 16:14:39,23.0,0.0,2.0,3.0,1.0,2.0,3.0,,,up
4,initial_evap,carouselStatus,transition,2026-06-02 16:14:51,2026-06-02 16:14:51,35.0,0.0,3.0,2.0,-1.0,2.0,3.0,,,down
5,initial_evap,homeOpto,transition,2026-06-02 16:14:51,2026-06-02 16:14:51,35.0,0.0,1.0,0.0,-1.0,0.0,1.0,,,down
6,initial_evap,carouselStatus,transition,2026-06-02 16:14:52,2026-06-02 16:14:52,36.0,0.0,2.0,3.0,1.0,2.0,3.0,,,up
7,initial_evap,carouselStatus,transition,2026-06-02 16:14:53,2026-06-02 16:14:53,37.0,0.0,3.0,2.0,-1.0,2.0,3.0,,,down
8,initial_evap,carouselStatus,transition,2026-06-02 16:14:55,2026-06-02 16:14:55,39.0,0.0,2.0,3.0,1.0,2.0,3.0,,,up
9,initial_evap,homeOpto,transition,2026-06-02 16:14:55,2026-06-02 16:14:55,39.0,0.0,0.0,1.0,1.0,0.0,1.0,,,up
10,initial_evap,carouselStatus,transition,2026-06-02 16:14:58,2026-06-02 16:14:58,42.0,0.0,3.0,2.0,-1.0,2.0,3.0,,,down
11,initial_evap,homeOpto,transition,2026-06-02 16:14:59,2026-06-02 16:14:59,43.0,0.0,1.0,0.0,-1.0,0.0,1.0,,,down
12,initial_evap,powerMon,ramp,2026-06-02 16:15:01,2026-06-02 16:15:07,45.0,6.0,23.901426,23.901804,0.000377999999997769,23.90123,23.90473,-0.0009410000000009688,2.8099441292641836,up
13,initial_evap,vialLoadedSwitch,transition,2026-06-02 16:15:10,2026-06-02 16:15:10,54.0,0.0,0.0,1.0,1.0,0.0,1.0,,,up
14,initial_evap,instrumentState,transition,2026-06-02 16:15:25,2026-06-02 16:15:25,69.0,0.0,1.0,3.0,2.0,1.0,3.0,,,up
15,initial_evap,powerMon,ramp,2026-06-02 16:15:30,2026-06-02 16:15:54,74.0,24.0,23.902652,23.8917,-0.010951999999999629,23.868526,23.902652,0.008554999999999424,22.66434787690853,down
16,initial_evap,measuredSpeed,ramp,2026-06-02 16:15:31,2026-06-02 16:15:34,75.0,3.0,6.683062,69.75446,63.071397999999995,6.683062,69.75446,26.174211999999997,5.740709537715694,up
17,initial_evap,targetSpeed,ramp,2026-06-02 16:15:31,2026-06-02 16:15:34,75.0,3.0,13.099995,44.525644,31.425649,13.099995,44.525644,12.546242,5.637798941797816,up
18,initial_evap,vacuumPressure,ramp,2026-06-02 16:15:34,2026-06-02 16:16:59,78.0,85.0,1002.5807,29.862652,-972.718048,29.024048,1002.5807,-65.20608000000001,689.2261943270536,down
19,initial_evap,interconnectionTemp,ramp,2026-06-02 16:15:53,2026-06-02 16:16:34,97.0,41.0,49.937484,54.327896,4.390412000000005,49.937484,54.327896,0.15344400000000036,11.149369111564111,up
20,initial_evap,powerMon,ramp,2026-06-02 16:16:11,2026-06-02 16:16:25,115.0,14.0,23.879868,23.877996,-0.0018719999999987635,23.875184,23.892264,-0.0020489999999995234,5.724056715581647,down
21,initial_evap,vialTemp,ramp,2026-06-02 16:16:28,2026-06-02 16:17:15,132.0,47.0,21.6,27.5,5.899999999999999,9.2,27.5,2.3000005000000003,8.543549620036751,up
22,initial_evap,powerMon,ramp,2026-06-02 16:16:33,2026-06-02 16:16:53,137.0,20.0,23.887088,23.888106,0.0010180000000019618,23.88459,23.892072,-0.0009569999999996526,3.500928227775662,up
23,initial_evap,avgVialTemp,ramp,2026-06-02 16:16:35,2026-06-02 16:17:17,139.0,42.0,20.898972,26.697964,5.798991999999998,10.827968,26.697964,1.4869994999999996,8.645982010391153,up
24,initial_evap,vialHeaterTemp,ramp,2026-06-02 16:16:55,2026-06-02 16:19:20,159.0,145.0,26.870862,59.687824,32.816962000000004,26.870862,184.04428,11.03512,79.7027845787786,up
25,initial_evap,powerMon,ramp,2026-06-02 16:18:08,2026-06-02 16:18:10,232.0,2.0,23.877132,23.888098,0.01096599999999981,23.877132,23.888816,0.0007579999999993703,3.9284529369641383,up
26,initial_evap,vacuumPressure,ramp,2026-06-02 16:18:23,2026-06-02 16:18:34,247.0,11.0,30.014274,1002.939,972.924726,30.014274,1002.939,162.39249999999998,4926.592902089097,up
27,initial_evap,powerMon,ramp,2026-06-02 16:18:23,2026-06-02 16:18:36,247.0,13.0,23.888212,23.90145,0.013238000000001193,23.862988,23.901774,0.014767000000000863,38.93621609138125,up
28,initial_evap,measuredSpeed,ramp,2026-06-02 16:18:33,2026-06-02 16:18:35,257.0,2.0,96.45062,42.925824,-53.524796,42.925824,96.45062,-26.762398,6.031215162888533,down
29,initial_evap,targetSpeed,ramp,2026-06-02 16:18:33,2026-06-02 16:18:37,257.0,4.0,51.176224,0.0,-51.176224,0.0,51.176224,-13.186381999999998,5.490769122550845,down
30,initial_evap,vialLoadedSwitch,transition,2026-06-02 16:18:40,2026-06-02 16:18:40,264.0,0.0,1.0,0.0,-1.0,0.0,1.0,,,down
31,initial_evap,vialTemp,ramp,2026-06-02 16:18:43,2026-06-02 16:18:46,267.0,3.0,32.2,25.5,-6.700000000000003,25.5,32.2,-3.1999999999999993,23.944418588964993,down
32,initial_evap,avgVialTemp,ramp,2026-06-02 16:18:45,2026-06-02 16:18:55,269.0,10.0,32.534958,25.455994,-7.078964000000003,25.455994,32.534958,-0.7844949999999997,9.72762168449279,down
33,initial_evap,carouselStatus,transition,2026-06-02 16:18:53,2026-06-02 16:18:53,277.0,0.0,2.0,3.0,1.0,2.0,3.0,,,up
34,initial_evap,carouselStatus,transition,2026-06-02 16:18:54,2026-06-02 16:18:54,278.0,0.0,3.0,2.0,-1.0,2.0,3.0,,,down
35,initial_evap,carouselStatus,transition,2026-06-02 16:18:55,2026-06-02 16:18:55,279.0,0.0,2.0,3.0,1.0,2.0,3.0,,,up
36,initial_evap,carouselStatus,transition,2026-06-02 16:18:59,2026-06-02 16:18:59,283.0,0.0,3.0,2.0,-1.0,2.0,3.0,,,down
37,initial_evap,homeOpto,transition,2026-06-02 16:19:00,2026-06-02 16:19:00,284.0,0.0,0.0,1.0,1.0,0.0,1.0,,,up
38,initial_evap,carouselStatus,transition,2026-06-02 16:19:01,2026-06-02 16:19:01,285.0,0.0,2.0,3.0,1.0,2.0,3.0,,,up
39,initial_evap,instrumentState,transition,2026-06-02 16:19:15,2026-06-02 16:19:15,299.0,0.0,3.0,1.0,-2.0,1.0,3.0,,,down
40,initial_evap,carouselStatus,transition,2026-06-02 16:19:15,2026-06-02 16:19:15,299.0,0.0,3.0,2.0,-1.0,2.0,3.0,,,down
41,lh_and_evap,interconnectionTemp,ramp,2026-06-02 17:26:40,2026-06-02 17:27:18,26.0,38.0,49.939376,54.240028,4.3006519999999995,49.939376,54.240028,0.15547600000000017,9.27838099330547,up
42,lh_and_evap,homeOpto,transition,2026-06-02 17:26:46,2026-06-02 17:26:46,32.0,0.0,1.0,0.0,-1.0,0.0,1.0,,,down
43,lh_and_evap,homeOpto,transition,2026-06-02 17:26:56,2026-06-02 17:26:56,42.0,0.0,0.0,1.0,1.0,0.0,1.0,,,up
44,lh_and_evap,carouselStatus,transition,2026-06-02 17:26:57,2026-06-02 17:26:57,43.0,0.0,2.0,3.0,1.0,2.0,3.0,,,up
45,lh_and_evap,carouselStatus,transition,2026-06-02 17:27:09,2026-06-02 17:27:09,55.0,0.0,3.0,2.0,-1.0,2.0,3.0,,,down
46,lh_and_evap,homeOpto,transition,2026-06-02 17:27:09,2026-06-02 17:27:09,55.0,0.0,1.0,0.0,-1.0,0.0,1.0,,,down
47,lh_and_evap,carouselStatus,transition,2026-06-02 17:27:10,2026-06-02 17:27:10,56.0,0.0,2.0,3.0,1.0,2.0,3.0,,,up
48,lh_and_evap,carouselStatus,transition,2026-06-02 17:27:11,2026-06-02 17:27:11,57.0,0.0,3.0,2.0,-1.0,2.0,3.0,,,down
49,lh_and_evap,carouselStatus,transition,2026-06-02 17:27:13,2026-06-02 17:27:13,59.0,0.0,2.0,3.0,1.0,2.0,3.0,,,up
50,lh_and_evap,homeOpto,transition,2026-06-02 17:27:13,2026-06-02 17:27:13,59.0,0.0,0.0,1.0,1.0,0.0,1.0,,,up
51,lh_and_evap,elevatorHeight,ramp,2026-06-02 17:27:17,2026-06-02 17:27:28,63.0,11.0,44.0,5356.0,5312.0,44.0,5356.0,499.0,11.16840088119517,up
52,lh_and_evap,carouselStatus,transition,2026-06-02 17:27:17,2026-06-02 17:27:17,63.0,0.0,3.0,2.0,-1.0,2.0,3.0,,,down
53,lh_and_evap,homeOpto,transition,2026-06-02 17:27:17,2026-06-02 17:27:17,63.0,0.0,1.0,0.0,-1.0,0.0,1.0,,,down
54,lh_and_evap,vialLoadedSwitch,transition,2026-06-02 17:27:28,2026-06-02 17:27:28,74.0,0.0,0.0,1.0,1.0,0.0,1.0,,,up
55,lh_and_evap,interconnectionTemp,ramp,2026-06-02 17:29:50,2026-06-02 17:30:29,216.0,39.0,49.996952,54.31726,4.320307999999997,49.996952,54.31726,0.16125800000000012,9.114283149991243,up
56,lh_and_evap,instrumentState,transition,2026-06-02 17:31:11,2026-06-02 17:31:11,297.0,0.0,1.0,3.0,2.0,1.0,3.0,,,up
57,lh_and_evap,targetSpeed,ramp,2026-06-02 17:31:16,2026-06-02 17:31:20,302.0,4.0,0.0,48.978412,48.978412,0.0,48.978412,12.372689,6.165871528304129,up
58,lh_and_evap,powerMon,ramp,2026-06-02 17:31:16,2026-06-02 17:31:40,302.0,24.0,23.902282,23.89178,-0.010501999999998901,23.869898,23.902282,0.009058999999998818,20.419956067078157,down
59,lh_and_evap,measuredSpeed,ramp,2026-06-02 17:31:17,2026-06-02 17:31:20,303.0,3.0,17.71542,78.914135,61.198715,17.71542,78.914135,23.3155375,6.421870266282987,up
60,lh_and_evap,vacuumPressure,ramp,2026-06-02 17:31:20,2026-06-02 17:32:40,306.0,80.0,1002.6844,29.525764,-973.158636,29.525764,1002.6844,-67.01979,746.8348992513388,down
61,lh_and_evap,vialTemp,ramp,2026-06-02 17:31:28,2026-06-02 17:31:31,314.0,3.0,23.7,22.4,-1.3000000000000007,22.4,23.7,-0.5,5.3959260758126835,down
62,lh_and_evap,avgVialTemp,ramp,2026-06-02 17:31:33,2026-06-02 17:33:07,319.0,94.0,23.34097,37.63696,14.295990000000003,2.878957,37.63696,1.8929980000000004,12.495467076814736,up
63,lh_and_evap,vialTemp,ramp,2026-06-02 17:31:39,2026-06-02 17:31:44,325.0,5.0,21.4,17.299998,-4.100002,17.299998,21.4,-1.050001,9.892533387292453,down
64,lh_and_evap,powerMon,ramp,2026-06-02 17:31:49,2026-06-02 17:31:59,335.0,10.0,23.88657,23.892216,0.00564600000000226,23.876506,23.89223,0.001620000000000843,10.224437943995094,up
65,lh_and_evap,vialTemp,ramp,2026-06-02 17:31:57,2026-06-02 17:33:22,343.0,85.0,14.6,35.8,21.199999999999996,1.4,41.4,4.100001000000001,10.13304377288156,up
66,lh_and_evap,powerMon,ramp,2026-06-02 17:32:09,2026-06-02 17:32:13,355.0,4.0,23.887666,23.879126,-0.008539999999999992,23.879126,23.892478,-0.002017999999999631,8.798580951797685,down
67,lh_and_evap,powerMon,ramp,2026-06-02 17:32:20,2026-06-02 17:32:40,366.0,20.0,23.887188,23.886584,-0.0006039999999991608,23.87803,23.891762,0.0033080000000005327,8.372889555635178,down
68,lh_and_evap,vialHeaterTemp,ramp,2026-06-02 17:32:31,2026-06-02 17:34:10,377.0,99.0,27.336116,66.694735,39.35861899999999,27.336116,191.77516,11.191154999999995,21.081385057872257,up
69,lh_and_evap,condenserTemp,ramp,2026-06-02 17:32:40,2026-06-02 17:32:54,386.0,14.0,-34.774692,-34.045764,0.7289280000000034,-34.774692,-34.045764,0.08534000000000219,3.943899532541342,up
70,lh_and_evap,vacuumPressure,ramp,2026-06-02 17:32:49,2026-06-02 17:32:58,395.0,9.0,29.657602,28.35086,-1.3067419999999998,28.129866,29.657602,-0.3047809999999984,9.322575050300062,down
71,lh_and_evap,powerMon,ramp,2026-06-02 17:32:56,2026-06-02 17:33:06,402.0,10.0,23.888488,23.88716,-0.0013279999999973313,23.886114,23.889522,0.0010569999999994195,6.76687201555989,down
72,lh_and_evap,interconnectionTemp,ramp,2026-06-02 17:33:05,2026-06-02 17:33:44,411.0,39.0,49.97246,54.309608,4.337147999999999,49.97246,54.309608,0.15442400000000234,9.159243517350681,up
73,lh_and_evap,vacuumPressure,ramp,2026-06-02 17:33:07,2026-06-02 17:33:39,413.0,32.0,27.966246,1002.7792,974.812954,27.966246,1002.7792,163.33652500000005,1836.4170474408793,up
74,lh_and_evap,heaterFanSpeed,ramp,2026-06-02 17:33:13,2026-06-02 17:33:20,419.0,7.0,11250.0,11100.0,-150.0,0.0,11250.0,-5340.0,3.6822882332812856,down
75,lh_and_evap,avgVialTemp,ramp,2026-06-02 17:33:16,2026-06-02 17:33:18,422.0,2.0,37.22796,36.51596,-0.7120000000000033,36.51596,37.22796,-0.35600000000000165,6.336633788056983,down
76,lh_and_evap,powerMon,ramp,2026-06-02 17:33:19,2026-06-02 17:33:44,425.0,25.0,23.889756,23.902664,0.012908000000003028,23.864228,23.902664,0.014202000000000936,24.329679312058246,up
77,lh_and_evap,vialTemp,ramp,2026-06-02 17:33:31,2026-06-02 17:33:34,437.0,3.0,35.3,33.900004,-1.3999959999999945,33.900004,35.3,-0.5500020000000028,5.901794145420125,down
78,lh_and_evap,avgVialTemp,ramp,2026-06-02 17:33:33,2026-06-02 17:33:43,439.0,10.0,35.66196,32.97096,-2.6910000000000025,32.97096,35.66196,-0.3100019999999972,5.274508163218634,down
79,lh_and_evap,measuredSpeed,ramp,2026-06-02 17:33:39,2026-06-02 17:33:43,445.0,4.0,97.65625,14.740566,-82.915684,14.740566,97.65625,-26.378413,5.972550091779055,down
80,lh_and_evap,targetSpeed,ramp,2026-06-02 17:33:39,2026-06-02 17:33:43,445.0,4.0,53.99336,11.199767,-42.793593,11.199767,53.99336,-13.765996000000001,5.740376337970069,down
81,lh_and_evap,powerMon,ramp,2026-06-02 17:35:23,2026-06-02 17:35:27,549.0,4.0,23.90138,23.901284,-9.599999999920783e-05,23.901284,23.902894,0.0006289999999999907,3.8838587313554163,down
82,lh_and_evap,interconnectionTemp,ramp,2026-06-02 17:36:22,2026-06-02 17:36:59,608.0,37.0,49.948672,54.227696,4.279024,49.948672,54.227696,0.15707000000000093,9.45403018655889,up
83,lh_and_evap,targetSpeed,ramp,2026-06-02 17:36:38,2026-06-02 17:36:42,624.0,4.0,0.0,47.16742,47.16742,0.0,47.16742,11.914799,6.043177076450525,up
84,lh_and_evap,powerMon,ramp,2026-06-02 17:36:38,2026-06-02 17:37:02,624.0,24.0,23.902574,23.892224,-0.010350000000002524,23.871324,23.902574,0.00853200000000065,21.328001835791298,down
85,lh_and_evap,measuredSpeed,ramp,2026-06-02 17:36:39,2026-06-02 17:36:42,625.0,3.0,14.68515,77.35149,62.66634,14.68515,77.35149,23.962950999999997,6.530007879416292,up
86,lh_and_evap,vacuumPressure,ramp,2026-06-02 17:36:42,2026-06-02 17:38:05,628.0,83.0,1002.9944,30.140784,-972.853616,29.816414,1002.9944,-67.36933000000002,720.0850989165463,down
87,lh_and_evap,vialTemp,ramp,2026-06-02 17:36:51,2026-06-02 17:36:53,637.0,2.0,25.3,24.3,-1.0,24.3,25.3,-0.5,5.620756328971546,down
88,lh_and_evap,avgVialTemp,ramp,2026-06-02 17:36:59,2026-06-02 17:38:57,645.0,118.0,24.304974,36.901964,12.596989999999998,2.703945,40.11596,1.9855040000000006,11.249646005959987,up
89,lh_and_evap,vialTemp,ramp,2026-06-02 17:37:01,2026-06-02 17:37:09,647.0,8.0,23.2,17.1,-6.099999999999998,17.1,23.2,-1.1999999999999993,9.442872131540552,down
90,lh_and_evap,powerMon,ramp,2026-06-02 17:37:16,2026-06-02 17:37:40,662.0,24.0,23.887674,23.892132,0.004457999999999629,23.877678,23.89267,0.002252000000000365,9.567701758109257,up
91,lh_and_evap,vialTemp,ramp,2026-06-02 17:37:19,2026-06-02 17:38:46,665.0,87.0,14.8,42.4,27.599999999999998,1.3,43.5,5.100000000000001,9.895085415056947,up
92,lh_and_evap,vialHeaterTemp,ramp,2026-06-02 17:37:54,2026-06-02 17:39:58,700.0,124.0,34.829024,83.178615,48.349591,34.829024,271.692,11.495689999999996,24.999501737648618,up
93,lh_and_evap,condenserTemp,ramp,2026-06-02 17:38:01,2026-06-02 17:38:32,707.0,31.0,-34.229872,-32.570618,1.6592539999999971,-34.229872,-32.570618,0.10362599999999844,4.188944672056266,up
94,lh_and_evap,powerMon,ramp,2026-06-02 17:38:01,2026-06-02 17:38:05,707.0,4.0,23.881406,23.871482,-0.009923999999998045,23.871482,23.88695,0.0024850000000000705,11.82875585625322,down
95,lh_and_evap,vacuumPressure,ramp,2026-06-02 17:38:25,2026-06-02 17:38:35,731.0,10.0,29.793762,27.848156,-1.9456060000000015,27.848156,29.793762,-0.40351400000000126,11.031820535605128,down
96,lh_and_evap,powerMon,ramp,2026-06-02 17:38:28,2026-06-02 17:38:37,734.0,9.0,23.8878,23.890102,0.0023020000000002483,23.887632,23.890888,-0.0011010000000002407,4.208016976948585,up
97,lh_and_evap,vacuumPressure,ramp,2026-06-02 17:38:43,2026-06-02 17:39:19,749.0,36.0,27.709356,1003.186,975.4766440000001,27.709356,1003.186,164.1015,1639.1985215061072,up
98,lh_and_evap,heaterFanSpeed,ramp,2026-06-02 17:38:46,2026-06-02 17:38:58,752.0,12.0,7050.0,10380.0,3330.0,0.0,10380.0,4260.0,2.3197408669569906,up
99,lh_and_evap,vialTemp,ramp,2026-06-02 17:38:53,2026-06-02 17:39:01,759.0,8.0,37.5,36.3,-1.2000000000000028,34.8,38.900004,-0.6499999999999986,4.646497894089882,down
100,lh_and_evap,powerMon,ramp,2026-06-02 17:39:08,2026-06-02 17:39:20,774.0,12.0,23.890046,23.901862,0.011815999999999605,23.86548,23.901862,0.013740000000000308,44.28252536064535,up
101,lh_and_evap,vialTemp,ramp,2026-06-02 17:39:11,2026-06-02 17:39:14,777.0,3.0,35.400004,34.2,-1.2000039999999998,34.2,35.400004,-0.45000200000000135,5.2273101308511425,down
102,lh_and_evap,avgVialTemp,ramp,2026-06-02 17:39:15,2026-06-02 17:39:31,781.0,16.0,35.313952,31.006966,-4.306986000000002,31.006966,35.313952,-0.31700000000000017,5.383070317577968,down
103,lh_and_evap,measuredSpeed,ramp,2026-06-02 17:39:18,2026-06-02 17:39:22,784.0,4.0,97.65625,16.310021,-81.346229,16.310021,97.65625,-25.009527,5.961525782717047,down
104,lh_and_evap,targetSpeed,ramp,2026-06-02 17:39:19,2026-06-02 17:39:22,785.0,3.0,40.65088,12.024766,-28.626114,12.024766,40.65088,-13.423,6.118409113708453,down
105,lh_and_evap,interconnectionTemp,ramp,2026-06-02 17:39:46,2026-06-02 17:40:24,812.0,38.0,49.991284,54.281504,4.290219999999998,49.991284,54.281504,0.16202399999999884,9.276807164046362,up
106,lh_and_evap,powerMon,ramp,2026-06-02 17:42:59,2026-06-02 17:43:23,1005.0,24.0,23.902602,23.89199,-0.010612000000001842,23.87156,23.902602,0.008086999999999733,20.735658010612994,down
107,lh_and_evap,measuredSpeed,ramp,2026-06-02 17:43:00,2026-06-02 17:43:03,1006.0,3.0,9.021362,72.33796,63.316598,9.021362,72.33796,25.118025999999997,6.509433446962739,up
108,lh_and_evap,targetSpeed,ramp,2026-06-02 17:43:00,2026-06-02 17:43:03,1006.0,3.0,13.099995,43.978028,30.878033000000002,13.099995,43.978028,12.526807000000002,6.329662597843469,up
109,lh_and_evap,vacuumPressure,ramp,2026-06-02 17:43:03,2026-06-02 17:44:31,1009.0,88.0,1003.2418,29.684584,-973.557216,29.682832,1003.2418,-66.95441,680.0207608902251,down
110,lh_and_evap,interconnectionTemp,ramp,2026-06-02 17:43:03,2026-06-02 17:43:40,1009.0,37.0,50.00444,54.318116,4.313676000000001,50.00444,54.318116,0.15216799999999964,9.477487145279436,up
111,lh_and_evap,vialTemp,ramp,2026-06-02 17:43:12,2026-06-02 17:43:15,1018.0,3.0,25.4,23.9,-1.5,23.9,25.4,-0.5500000000000007,5.901794145420124,down
112,lh_and_evap,avgVialTemp,ramp,2026-06-02 17:43:17,2026-06-02 17:45:12,1023.0,115.0,25.09794,36.424988,11.327047999999998,2.859976,38.873984,1.9465019999999988,11.161294955281203,up
113,lh_and_evap,vialTemp,ramp,2026-06-02 17:43:22,2026-06-02 17:43:29,1028.0,7.0,23.3,17.200002,-6.099997999999999,17.200002,23.3,-1.300001,10.707539120463897,down
114,lh_and_evap,powerMon,ramp,2026-06-02 17:43:35,2026-06-02 17:44:00,1041.0,25.0,23.89259,23.876308,-0.0162819999999968,23.873618,23.89299,0.0026479999999988735,11.500415922825926,down
115,lh_and_evap,vialTemp,ramp,2026-06-02 17:43:41,2026-06-02 17:44:50,1047.0,69.0,14.8,39.599996,24.799995999999997,1.2,40.099996,3.3500020000000017,11.302538012371924,up
116,lh_and_evap,powerMon,ramp,2026-06-02 17:44:13,2026-06-02 17:44:24,1079.0,11.0,23.887194,23.887408,0.00021399999999971442,23.880156,23.887408,0.002717999999999776,10.138334363317325,up
117,lh_and_evap,vialHeaterTemp,ramp,2026-06-02 17:44:15,2026-06-02 17:46:04,1081.0,109.0,37.773792,75.6174,37.843608,37.773792,230.68458,11.755882499999998,23.208711271801377,up
118,lh_and_evap,condenserTemp,ramp,2026-06-02 17:44:22,2026-06-02 17:44:39,1088.0,17.0,-34.135988,-33.210896,0.9250919999999994,-34.135988,-33.210896,0.10350000000000037,4.053421846676843,up
119,lh_and_evap,vacuumPressure,ramp,2026-06-02 17:44:38,2026-06-02 17:45:26,1104.0,48.0,29.539968,1003.2383,973.6983319999999,27.348828,1003.2383,164.71595000000002,1241.7490064909796,up
120,lh_and_evap,powerMon,ramp,2026-06-02 17:44:41,2026-06-02 17:44:53,1107.0,12.0,23.89069,23.888558,-0.0021319999999995787,23.888286,23.891214,0.0008900000000000574,4.746990075207947,down
121,lh_and_evap,vialTemp,ramp,2026-06-02 17:44:59,2026-06-02 17:45:11,1125.0,12.0,36.3,36.0,-0.29999999999999716,33.599996,41.2,0.6499980000000001,4.150704064585009,down
122,lh_and_evap,heaterFanSpeed,ramp,2026-06-02 17:45:03,2026-06-02 17:45:07,1129.0,4.0,7230.0,10830.0,3600.0,0.0,10830.0,5415.0,4.1054182972678195,up
123,lh_and_evap,powerMon,ramp,2026-06-02 17:45:12,2026-06-02 17:45:27,1138.0,15.0,23.889122,23.901494,0.012371999999999161,23.866992,23.901494,0.013529000000000124,35.23144596653058,up
124,lh_and_evap,vialTemp,ramp,2026-06-02 17:45:18,2026-06-02 17:45:24,1144.0,6.0,36.3,34.0,-2.299999999999997,34.0,36.3,-0.5499999999999972,4.625079493553726,down
125,lh_and_evap,avgVialTemp,ramp,2026-06-02 17:45:26,2026-06-02 17:45:29,1152.0,3.0,34.990988,34.02298,-0.9680080000000046,34.02298,34.990988,-0.33850400000000036,5.984832332461583,down
126,lh_and_evap,measuredSpeed,ramp,2026-06-02 17:45:26,2026-06-02 17:45:28,1152.0,2.0,80.541235,34.877232,-45.664003,34.877232,80.541235,-23.129111,6.70438954052068,down
127,lh_and_evap,targetSpeed,ramp,2026-06-02 17:45:26,2026-06-02 17:45:29,1152.0,3.0,43.116796,13.374762,-29.742034,13.374762,43.116796,-12.835552,6.1993449931810645,down
128,lh_and_evap,interconnectionTemp,ramp,2026-06-02 17:46:30,2026-06-02 17:47:07,1216.0,37.0,50.00648,54.254408,4.247927999999995,50.00648,54.254408,0.15741999999999834,9.407891587110688,up
129,lh_and_evap,measuredSpeed,ramp,2026-06-02 17:48:25,2026-06-02 17:48:29,1331.0,4.0,9.021362,96.45062,87.429258,9.021362,96.45062,26.748157,6.043058106863761,up
130,lh_and_evap,targetSpeed,ramp,2026-06-02 17:48:25,2026-06-02 17:48:28,1331.0,3.0,12.349996,42.650124,30.300127999999997,12.349996,42.650124,12.839364999999999,6.28689150619219,up
131,lh_and_evap,powerMon,ramp,2026-06-02 17:48:25,2026-06-02 17:48:34,1331.0,9.0,23.900734,23.883096,-0.017638000000001597,23.879506,23.901536,-0.00418200000000013,22.20785993097035,down
132,lh_and_evap,vacuumPressure,ramp,2026-06-02 17:48:28,2026-06-02 17:49:51,1334.0,83.0,1003.2773,29.819514,-973.4577859999999,29.007148,1003.2773,-63.80989999999997,723.1192053847268,down
133,lh_and_evap,powerMon,ramp,2026-06-02 17:48:42,2026-06-02 17:48:48,1348.0,6.0,23.87607,23.89236,0.01629000000000147,23.871312,23.89236,0.006059999999999732,36.540429032904235,up
134,lh_and_evap,powerMon,ramp,2026-06-02 17:49:20,2026-06-02 17:49:35,1386.0,15.0,23.888724,23.887496,-0.001228000000001117,23.880456,23.892888,-0.0017979999999990781,4.912708815189857,down
135,lh_and_evap,vialTemp,ramp,2026-06-02 17:49:48,2026-06-02 17:49:55,1414.0,7.0,26.6,36.099996,9.499995999999996,26.6,36.099996,1.8000000000000007,16.103473627411077,up
136,lh_and_evap,vialHeaterTemp,ramp,2026-06-02 17:49:48,2026-06-02 17:50:09,1414.0,21.0,38.31788,63.086436,24.768555999999997,38.31788,68.429665,5.322033999999999,12.242607927255767,up
137,lh_and_evap,interconnectionTemp,ramp,2026-06-02 17:49:48,2026-06-02 17:50:26,1414.0,38.0,49.956756,54.24138,4.284624000000001,49.956756,54.24138,0.15648799999999952,9.250149993795507,up
138,lh_and_evap,avgVialTemp,ramp,2026-06-02 17:49:50,2026-06-02 17:50:02,1416.0,12.0,26.332006,35.426,9.093994000000002,26.332006,35.426,1.0409959999999998,15.991201309426826,up
139,lh_and_evap,vacuumPressure,ramp,2026-06-02 17:49:59,2026-06-02 17:50:01,1425.0,2.0,30.038492,29.948124,-0.09036800000000156,29.80069,30.038492,-0.07910299999999992,3.2283344968552803,down
140,lh_and_evap,vacuumPressure,ramp,2026-06-02 17:50:10,2026-06-02 17:50:16,1436.0,6.0,29.70056,30.05639,0.355830000000001,29.645396,30.05639,0.10260000000000069,3.4028081017385525,up
141,lh_and_evap,vialHeaterTemp,ramp,2026-06-02 17:50:38,2026-06-02 17:50:43,1464.0,5.0,58.964292,59.146284,0.18199200000000104,58.121276,59.146284,-0.6342700000000008,2.761995583021669,up
142,lh_and_evap,vacuumPressure,ramp,2026-06-02 17:50:43,2026-06-02 17:50:55,1469.0,12.0,30.01503,1003.2376,973.22257,29.755618,1003.2376,164.1828,4654.558914362819,up
143,lh_and_evap,powerMon,ramp,2026-06-02 17:50:43,2026-06-02 17:51:03,1469.0,20.0,23.876876,23.903414,0.02653800000000217,23.8668,23.903414,0.012940000000000396,26.122974381950993,up
144,lh_and_evap,heaterFanSpeed,ramp,2026-06-02 17:50:46,2026-06-02 17:50:48,1472.0,2.0,9840.0,0.0,-9840.0,0.0,9840.0,-4920.0,5.2558175157502065,down
145,lh_and_evap,vialTemp,ramp,2026-06-02 17:50:47,2026-06-02 17:50:50,1473.0,3.0,35.3,34.099996,-1.2000039999999998,34.099996,35.3,-0.44999799999999723,4.8900647511128446,down
146,lh_and_evap,avgVialTemp,ramp,2026-06-02 17:50:53,2026-06-02 17:50:58,1479.0,5.0,34.736988,33.423996,-1.3129919999999942,33.423996,34.736988,-0.28600199999999987,5.068880468142851,down
147,lh_and_evap,measuredSpeed,ramp,2026-06-02 17:50:55,2026-06-02 17:50:59,1481.0,4.0,83.1117,35.19144,-47.92026,20.889038,83.1117,-23.554698,5.328999679070215,down
148,lh_and_evap,targetSpeed,ramp,2026-06-02 17:50:55,2026-06-02 17:50:59,1481.0,4.0,44.4955,0.0,-44.4955,0.0,44.4955,-12.042648999999999,5.825955987323062,down
149,lh_and_evap,powerMon,ramp,2026-06-02 17:53:05,2026-06-02 17:53:07,1611.0,2.0,23.901452,23.901856,0.0004039999999996269,23.901452,23.902396,-0.00047200000000025,3.1677575966826335,up
150,lh_and_evap,interconnectionTemp,ramp,2026-06-02 17:53:06,2026-06-02 17:53:45,1612.0,39.0,49.975228,54.279132,4.303903999999996,49.975228,54.279132,0.16092199999999934,9.134023428083296,up
151,lh_and_evap,targetSpeed,ramp,2026-06-02 17:54:36,2026-06-02 17:54:40,1702.0,4.0,0.0,54.511636,54.511636,0.0,54.511636,13.606729000000001,6.452537858301305,up
152,lh_and_evap,powerMon,ramp,2026-06-02 17:54:36,2026-06-02 17:55:00,1702.0,24.0,23.902522,23.892602,-0.009920000000001039,23.872046,23.902522,0.005936999999999415,21.491490342264747,down
153,lh_and_evap,measuredSpeed,ramp,2026-06-02 17:54:37,2026-06-02 17:54:40,1703.0,3.0,22.51441,93.00595,70.49154,22.51441,93.00595,26.971725,6.853538216765045,up
154,lh_and_evap,vacuumPressure,ramp,2026-06-02 17:54:40,2026-06-02 17:55:59,1706.0,79.0,1003.0242,29.754494,-973.2697059999999,29.754494,1003.0242,-62.45433000000001,756.2904857635485,down
155,lh_and_evap,vialTemp,ramp,2026-06-02 17:54:47,2026-06-02 17:54:51,1713.0,4.0,26.7,24.7,-2.0,24.7,26.7,-0.5500000000000007,6.07041683528927,down
156,lh_and_evap,avgVialTemp,ramp,2026-06-02 17:54:51,2026-06-02 17:56:32,1717.0,101.0,26.421946,37.356972,10.935026,2.510983,38.926968,2.025499,13.053588664658745,up
157,lh_and_evap,vialTemp,ramp,2026-06-02 17:54:58,2026-06-02 17:55:05,1724.0,7.0,23.9,17.700002,-6.199997999999997,17.700002,23.9,-1.4000010000000014,10.876161810333043,down
158,lh_and_evap,powerMon,ramp,2026-06-02 17:55:10,2026-06-02 17:55:15,1736.0,5.0,23.892872,23.892844,-2.800000000036107e-05,23.877548,23.893068,0.0035429999999987416,15.382416126251092,down
159,lh_and_evap,vialTemp,ramp,2026-06-02 17:55:14,2026-06-02 17:56:43,1740.0,89.0,15.9,36.7,20.800000000000004,1.2,44.0,4.849997999999999,12.38065073369588,up
160,lh_and_evap,powerMon,ramp,2026-06-02 17:55:26,2026-06-02 17:55:31,1752.0,5.0,23.892746,23.892134,-0.000612000000000279,23.882618,23.89291,-0.0008549999999996061,4.404323989023606,down
161,lh_and_evap,powerMon,ramp,2026-06-02 17:55:50,2026-06-02 17:56:00,1776.0,10.0,23.887532,23.888174,0.0006419999999991433,23.880664,23.888174,-0.002904999999998381,11.018817834365889,up
162,lh_and_evap,vialHeaterTemp,ramp,2026-06-02 17:55:53,2026-06-02 17:57:29,1779.0,96.0,30.916368,68.695775,37.779407,30.916368,195.46972,11.487560000000002,21.950494407083184,up
163,lh_and_evap,condenserTemp,ramp,2026-06-02 17:55:59,2026-06-02 17:56:10,1785.0,11.0,-34.311808,-33.93054,0.3812679999999986,-34.311808,-33.93054,0.06873400000000274,3.015737397345008,up
164,lh_and_evap,vacuumPressure,ramp,2026-06-02 17:56:09,2026-06-02 17:57:00,1795.0,51.0,29.72389,1003.1111,973.38721,26.95679,1003.1111,165.28884999999997,1170.101839018492,up
165,lh_and_evap,heaterFanSpeed,ramp,2026-06-02 17:56:19,2026-06-02 17:56:23,1805.0,4.0,7200.0,7410.0,210.0,0.0,7410.0,-4140.0,3.712150832802594,up
166,lh_and_evap,powerMon,ramp,2026-06-02 17:56:25,2026-06-02 17:56:42,1811.0,17.0,23.889932,23.888034,-0.0018980000000006214,23.886772,23.89001,0.001142999999999006,4.272893368403577,down
167,lh_and_evap,heaterFanSpeed,ramp,2026-06-02 17:56:33,2026-06-02 17:56:38,1819.0,5.0,7140.0,9300.0,2160.0,0.0,9300.0,5535.0,3.9112348296113137,up
168,lh_and_evap,interconnectionTemp,ramp,2026-06-02 17:56:34,2026-06-02 17:57:11,1820.0,37.0,49.980136,54.256092,4.275956000000001,49.980136,54.256092,0.16273199999999832,9.420282317256577,up
169,lh_and_evap,powerMon,ramp,2026-06-02 17:56:49,2026-06-02 17:57:04,1835.0,15.0,23.889988,23.903022,0.0130340000000011,23.867192,23.903022,0.012622999999999607,33.79186121125698,up
170,lh_and_evap,vialTemp,ramp,2026-06-02 17:56:52,2026-06-02 17:56:55,1838.0,3.0,35.099996,33.8,-1.2999960000000002,33.8,35.099996,-0.45000200000000135,5.395926075812689,down
171,lh_and_evap,avgVialTemp,ramp,2026-06-02 17:56:56,2026-06-02 17:57:03,1842.0,7.0,35.066988,33.262978,-1.8040100000000052,33.262978,35.066988,-0.28799899999999923,5.058484825629428,down
172,lh_and_evap,measuredSpeed,ramp,2026-06-02 17:57:00,2026-06-02 17:57:04,1846.0,4.0,90.84302,15.140504,-75.702516,15.140504,90.84302,-25.286202,5.774855806661273,down
173,lh_and_evap,targetSpeed,ramp,2026-06-02 17:57:00,2026-06-02 17:57:04,1846.0,4.0,47.594688,0.0,-47.594688,0.0,47.594688,-12.290208999999999,6.007996187687399,down
174,lh_and_evap,interconnectionTemp,ramp,2026-06-02 17:59:54,2026-06-02 18:00:31,2020.0,37.0,49.992308,54.271584,4.279275999999996,49.992308,54.271584,0.15559999999999974,9.46135981313997,up
175,lh_and_evap,targetSpeed,ramp,2026-06-02 17:59:59,2026-06-02 18:00:03,2025.0,4.0,0.0,52.70626,52.70626,0.0,52.70626,13.194932,6.357542018911264,up
176,lh_and_evap,measuredSpeed,ramp,2026-06-02 18:00:00,2026-06-02 18:00:03,2026.0,3.0,21.001346,91.91177,70.910424,21.001346,91.91177,27.175837,6.870856838887162,up
177,lh_and_evap,powerMon,ramp,2026-06-02 18:00:00,2026-06-02 18:00:23,2026.0,23.0,23.90144,23.891894,-0.009546000000000276,23.87263,23.90144,0.00730000000000075,20.088331443676818,down
178,lh_and_evap,vacuumPressure,ramp,2026-06-02 18:00:03,2026-06-02 18:01:53,2029.0,110.0,1003.0917,30.05853,-973.0331699999999,28.801606,1003.0917,-67.33420000000001,546.9728581970056,down
179,lh_and_evap,vialTemp,ramp,2026-06-02 18:00:22,2026-06-02 18:01:54,2048.0,92.0,23.7,36.7,13.000000000000004,3.2,40.400004,4.550000000000001,8.478274870214802,up
180,lh_and_evap,avgVialTemp,ramp,2026-06-02 18:00:22,2026-06-02 18:01:42,2048.0,80.0,24.58598,36.544972,11.958992000000002,5.926978,36.544972,2.9535029999999995,13.056064790769994,up
181,lh_and_evap,powerMon,ramp,2026-06-02 18:00:55,2026-06-02 18:00:59,2081.0,4.0,23.87478,23.874046,-0.0007340000000013447,23.874046,23.892504,-0.0019689999999989993,14.234775132540605,down
182,lh_and_evap,vialHeaterTemp,ramp,2026-06-02 18:01:23,2026-06-02 18:02:13,2109.0,50.0,35.156756,73.37311,38.216353999999995,35.156756,123.26903,11.3709925,19.91172303837655,up
183,lh_and_evap,powerMon,ramp,2026-06-02 18:01:35,2026-06-02 18:01:38,2121.0,3.0,23.888394,23.890898,0.0025039999999982854,23.888394,23.890898,0.0008410000000012019,4.064561852739915,up
184,lh_and_evap,powerMon,ramp,2026-06-02 18:02:16,2026-06-02 18:02:33,2162.0,17.0,23.888894,23.902648,0.013753999999998712,23.868386,23.902648,0.012172000000001404,28.37838774950579,up
185,lh_and_evap,vacuumPressure,ramp,2026-06-02 18:02:18,2026-06-02 18:02:29,2164.0,11.0,29.89416,1003.1318,973.23764,29.89416,1003.1318,164.83552500000002,5041.629662920187,up
186,lh_and_evap,heaterFanSpeed,ramp,2026-06-02 18:02:20,2026-06-02 18:02:22,2166.0,2.0,9930.0,0.0,-9930.0,0.0,9930.0,-4965.0,5.274194500071012,down
187,lh_and_evap,vialTemp,ramp,2026-06-02 18:02:21,2026-06-02 18:02:28,2167.0,7.0,35.599996,33.3,-2.299996,33.3,35.599996,-0.45000000000000284,4.468497909078582,down
188,lh_and_evap,vialHeaterTemp,ramp,2026-06-02 18:02:23,2026-06-02 18:02:29,2169.0,6.0,69.730995,64.709345,-5.021649999999994,64.709345,69.730995,-0.8728874999999974,5.462647629739297,down
189,lh_and_evap,avgVialTemp,ramp,2026-06-02 18:02:27,2026-06-02 18:02:34,2173.0,7.0,35.02098,33.15397,-1.8670100000000005,33.15397,35.02098,-0.30750600000000006,5.22580987379962,down
190,lh_and_evap,measuredSpeed,ramp,2026-06-02 18:02:29,2026-06-02 18:02:33,2175.0,4.0,91.91177,15.439723,-76.472047,15.439723,91.91177,-25.066847000000003,5.800308612880189,down
191,lh_and_evap,targetSpeed,ramp,2026-06-02 18:02:29,2026-06-02 18:02:33,2175.0,4.0,49.217752,0.0,-49.217752,0.0,49.217752,-12.776708,6.10470815639803,down
192,lh_and_evap,interconnectionTemp,ramp,2026-06-02 18:03:23,2026-06-02 18:03:59,2229.0,36.0,49.999496,54.27588,4.276384,49.999496,54.27588,0.16339000000000325,9.633117098520565,up
193,lh_and_evap,targetSpeed,ramp,2026-06-02 18:06:10,2026-06-02 18:06:14,2396.0,4.0,0.0,49.873336,49.873336,0.0,49.873336,12.503161,6.180341921227698,up
194,lh_and_evap,powerMon,ramp,2026-06-02 18:06:10,2026-06-02 18:06:34,2396.0,24.0,23.902128,23.891848,-0.010280000000001621,23.87333,23.902128,0.0074380000000005,17.798905109861373,down
195,lh_and_evap,measuredSpeed,ramp,2026-06-02 18:06:11,2026-06-02 18:06:14,2397.0,3.0,16.378407,84.91848,68.540073,16.378407,84.91848,25.326564,6.821486296285666,up
196,lh_and_evap,vacuumPressure,ramp,2026-06-02 18:06:14,2026-06-02 18:07:56,2400.0,102.0,1003.0558,27.506856,-975.548944,27.506856,1003.0558,-80.91851499999999,588.9320988269704,down
197,lh_and_evap,vialTemp,ramp,2026-06-02 18:06:22,2026-06-02 18:06:25,2408.0,3.0,26.1,24.6,-1.5,24.6,26.1,-0.5500000000000007,6.239039525158415,down
198,lh_and_evap,avgVialTemp,ramp,2026-06-02 18:06:26,2026-06-02 18:07:58,2412.0,92.0,25.901958,34.971988,9.070030000000003,2.559964,34.971988,2.0655029999999996,12.884808592907586,up
199,lh_and_evap,vialTemp,ramp,2026-06-02 18:06:33,2026-06-02 18:06:39,2419.0,6.0,23.3,17.700002,-5.599997999999999,17.700002,23.3,-1.299999999999999,11.466340983985502,down
200,lh_and_evap,interconnectionTemp,ramp,2026-06-02 18:06:44,2026-06-02 18:07:22,2430.0,38.0,49.990924,54.314188,4.323264000000002,49.990924,54.314188,0.16394800000000131,9.338588705962064,up
201,lh_and_evap,vialTemp,ramp,2026-06-02 18:06:49,2026-06-02 18:08:17,2435.0,88.0,15.6,35.8,20.199999999999996,1.3,40.400004,-3.3500000000000014,10.799430699484658,up
202,lh_and_evap,powerMon,ramp,2026-06-02 18:06:57,2026-06-02 18:07:07,2443.0,10.0,23.892332,23.876548,-0.01578400000000002,23.876548,23.892378,-0.001988000000000767,10.795512888226991,down
203,lh_and_evap,powerMon,ramp,2026-06-02 18:07:24,2026-06-02 18:07:34,2470.0,10.0,23.887552,23.887646,9.400000000070463e-05,23.881062,23.887646,0.0031580000000008823,11.459021437226147,up
204,lh_and_evap,vialHeaterTemp,ramp,2026-06-02 18:07:27,2026-06-02 18:09:03,2473.0,96.0,31.876246,68.99293,37.11668400000001,31.876246,196.78102,11.594137499999995,22.027957215240477,up
205,lh_and_evap,condenserTemp,ramp,2026-06-02 18:07:33,2026-06-02 18:07:37,2479.0,4.0,-34.248144,-34.092348,0.15579600000000227,-34.248144,-34.092348,0.07794600000000074,3.5527982502760564,up
206,lh_and_evap,powerMon,ramp,2026-06-02 18:07:47,2026-06-02 18:07:57,2493.0,10.0,23.890118,23.888702,-0.0014160000000025263,23.887546,23.890576,0.0007670000000015165,3.998439793886654,down
207,lh_and_evap,heaterFanSpeed,ramp,2026-06-02 18:07:59,2026-06-02 18:08:05,2505.0,6.0,7380.0,9180.0,1800.0,0.0,9180.0,5880.0,3.4102432332465127,up
208,lh_and_evap,vacuumPressure,ramp,2026-06-02 18:08:03,2026-06-02 18:08:33,2509.0,30.0,27.52508,1003.0305,975.50542,27.52508,1003.0305,166.36990000000003,1956.3505856770812,up
209,lh_and_evap,avgVialTemp,ramp,2026-06-02 18:08:08,2026-06-02 18:08:17,2514.0,9.0,34.60298,36.291972,1.688991999999999,34.376972,36.291972,0.37350199999999845,5.353874867582961,up
210,lh_and_evap,powerMon,ramp,2026-06-02 18:08:13,2026-06-02 18:08:35,2519.0,22.0,23.89039,23.901728,0.011337999999998516,23.868628,23.901728,0.01252099999999956,23.515697951263633,up
211,lh_and_evap,vialTemp,ramp,2026-06-02 18:08:25,2026-06-02 18:08:33,2531.0,8.0,35.400004,33.0,-2.4000040000000027,33.0,35.400004,-0.45000200000000135,4.046947554596224,down
212,lh_and_evap,avgVialTemp,ramp,2026-06-02 18:08:26,2026-06-02 18:08:36,2532.0,10.0,35.854972,33.459976,-2.394995999999999,33.459976,35.854972,-0.29749800000000093,4.8214261893274815,down
213,lh_and_evap,measuredSpeed,ramp,2026-06-02 18:08:33,2026-06-02 18:08:37,2539.0,4.0,100.16025,15.024038,-85.136212,15.024038,100.16025,-27.500975999999998,6.044947194599521,down
214,lh_and_evap,targetSpeed,ramp,2026-06-02 18:08:33,2026-06-02 18:08:37,2539.0,4.0,51.743348,0.0,-51.743348,0.0,51.743348,-13.255004,6.256454395815214,down
215,lh_and_evap,interconnectionTemp,ramp,2026-06-02 18:10:13,2026-06-02 18:10:49,2639.0,36.0,50.044976,54.254588,4.209612,50.044976,54.254588,0.15342400000000112,9.540668382830946,up
216,lh_and_evap,targetSpeed,ramp,2026-06-02 18:11:32,2026-06-02 18:11:36,2718.0,4.0,0.0,49.712168,49.712168,0.0,49.712168,12.483820999999999,6.179103075518706,up
217,lh_and_evap,measuredSpeed,ramp,2026-06-02 18:11:33,2026-06-02 18:11:36,2719.0,3.0,20.94504,85.85165,64.90661,20.94504,85.85165,25.487209000000004,6.6226311106247335,up
218,lh_and_evap,powerMon,ramp,2026-06-02 18:11:33,2026-06-02 18:11:56,2719.0,23.0,23.901824,23.892114,-0.009710000000001884,23.873206,23.901824,0.005027999999999366,17.306476520321194,down
219,lh_and_evap,vacuumPressure,ramp,2026-06-02 18:11:36,2026-06-02 18:13:57,2722.0,141.0,1003.0576,1003.0888,0.03120000000001255,27.280444,1003.0888,165.47645,854.5341744943247,up
220,lh_and_evap,vialTemp,ramp,2026-06-02 18:11:55,2026-06-02 18:13:32,2741.0,97.0,24.4,38.599996,14.199995999999999,1.2,42.0,4.749999999999998,9.986593326120268,up
221,lh_and_evap,avgVialTemp,ramp,2026-06-02 18:11:56,2026-06-02 18:13:40,2742.0,104.0,24.850972,36.545976,11.695004000000004,2.574976,37.870984,2.048001000000001,12.038131023563587,up
222,lh_and_evap,powerMon,ramp,2026-06-02 18:12:11,2026-06-02 18:12:20,2757.0,9.0,23.893018,23.889244,-0.003773999999999944,23.878174,23.89323,-0.003385999999999001,12.867672966346131,down
223,lh_and_evap,powerMon,ramp,2026-06-02 18:12:36,2026-06-02 18:12:48,2782.0,12.0,23.88908,23.880952,-0.008127999999999247,23.880952,23.892652,-0.002898000000000067,7.437983633340115,down
224,lh_and_evap,vialHeaterTemp,ramp,2026-06-02 18:12:48,2026-06-02 18:14:25,2794.0,97.0,35.680364,74.306165,38.625800999999996,35.680364,204.80744,11.896032499999997,22.32105048796251,up
225,lh_and_evap,powerMon,ramp,2026-06-02 18:12:55,2026-06-02 18:12:57,2801.0,2.0,23.882048,23.887988,0.005939999999998946,23.882048,23.887988,0.0028719999999999857,19.989758478209563,up
226,lh_and_evap,condenserTemp,ramp,2026-06-02 18:12:56,2026-06-02 18:13:12,2802.0,16.0,-34.188524,-33.444832,0.7436920000000029,-34.188524,-33.444832,0.08803800000000095,3.600016933062289,up
227,lh_and_evap,powerMon,ramp,2026-06-02 18:13:11,2026-06-02 18:13:28,2817.0,17.0,23.889522,23.89002,0.0004980000000003315,23.88726,23.890148,-0.0008420000000004535,3.4518714489272972,up
228,lh_and_evap,heaterFanSpeed,ramp,2026-06-02 18:13:30,2026-06-02 18:13:35,2836.0,5.0,6090.0,10650.0,4560.0,0.0,10650.0,5895.0,3.657019879840179,up
229,lh_and_evap,interconnectionTemp,ramp,2026-06-02 18:13:38,2026-06-02 18:14:16,2844.0,38.0,49.973676,54.314748,4.341072000000004,49.973676,54.314748,0.15868599999999944,9.336168506301407,up
230,lh_and_evap,vialTemp,ramp,2026-06-02 18:13:39,2026-06-02 18:13:41,2845.0,2.0,37.0,35.5,-1.5,35.5,37.0,-0.5,5.171113809074087,down
231,lh_and_evap,powerMon,ramp,2026-06-02 18:13:41,2026-06-02 18:14:01,2847.0,20.0,23.887708,23.903406,0.015698000000000434,23.86857,23.903406,0.012183000000000277,26.541954427276227,up
232,lh_and_evap,vialTemp,ramp,2026-06-02 18:13:48,2026-06-02 18:13:52,2854.0,4.0,35.400004,33.8,-1.6000040000000055,33.8,35.400004,-0.45000200000000135,5.126135167948138,down
233,lh_and_evap,avgVialTemp,ramp,2026-06-02 18:13:54,2026-06-02 18:14:10,2860.0,16.0,34.804972,30.207978,-4.596993999999999,30.207978,34.804972,-0.34499699999999933,5.756893542793975,down
234,lh_and_evap,measuredSpeed,ramp,2026-06-02 18:13:57,2026-06-02 18:14:01,2863.0,4.0,96.45062,14.909352,-81.541268,14.909352,96.45062,-26.402684,5.9679768417024945,down
235,lh_and_evap,targetSpeed,ramp,2026-06-02 18:13:57,2026-06-02 18:14:01,2863.0,4.0,52.08038,0.0,-52.08038,0.0,52.08038,-13.468158999999998,6.273775179710045,down
236,lh_and_evap,elevatorHeight,ramp,2026-06-02 18:14:18,2026-06-02 18:14:31,2884.0,13.0,5412.0,320.0,-5092.0,320.0,5412.0,-499.0,9.138598310629249,down
237,lh_and_evap,vialLoadedSwitch,transition,2026-06-02 18:14:19,2026-06-02 18:14:19,2885.0,0.0,1.0,0.0,-1.0,0.0,1.0,,,down
238,lh_and_evap,vialTemp,ramp,2026-06-02 18:14:24,2026-06-02 18:14:26,2890.0,2.0,30.6,24.4,-6.200000000000003,24.4,30.6,-1.950000000000001,18.211250505867813,down
239,lh_and_evap,avgVialTemp,ramp,2026-06-02 18:14:25,2026-06-02 18:14:35,2891.0,10.0,29.060976,24.307964,-4.753012000000002,24.307964,29.060976,-0.5145020000000002,8.993088779008282,down
240,lh_and_evap,carouselStatus,transition,2026-06-02 18:14:32,2026-06-02 18:14:32,2898.0,0.0,2.0,3.0,1.0,2.0,3.0,,,up
241,lh_and_evap,carouselStatus,transition,2026-06-02 18:14:33,2026-06-02 18:14:33,2899.0,0.0,3.0,2.0,-1.0,2.0,3.0,,,down
242,lh_and_evap,carouselStatus,transition,2026-06-02 18:14:34,2026-06-02 18:14:34,2900.0,0.0,2.0,3.0,1.0,2.0,3.0,,,up
243,lh_and_evap,carouselStatus,transition,2026-06-02 18:14:39,2026-06-02 18:14:39,2905.0,0.0,3.0,2.0,-1.0,2.0,3.0,,,down
244,lh_and_evap,homeOpto,transition,2026-06-02 18:14:39,2026-06-02 18:14:39,2905.0,0.0,0.0,1.0,1.0,0.0,1.0,,,up
245,lh_and_evap,carouselStatus,transition,2026-06-02 18:14:40,2026-06-02 18:14:40,2906.0,0.0,2.0,3.0,1.0,2.0,3.0,,,up
246,lh_and_evap,carouselStatus,transition,2026-06-02 18:14:54,2026-06-02 18:14:54,2920.0,0.0,3.0,2.0,-1.0,2.0,3.0,,,down
247,lh_and_evap,instrumentState,transition,2026-06-02 18:14:55,2026-06-02 18:14:55,2921.0,0.0,3.0,1.0,-2.0,1.0,3.0,,,down
248,lh_and_evap,interconnectionTemp,ramp,2026-06-02 18:16:58,2026-06-02 18:17:35,3044.0,37.0,49.985832,54.240908,4.255075999999995,49.985832,54.240908,0.1615979999999979,9.41002730102633,up
